Decision,Label
Decision_0,1
Decision_1,0
Decision_2,1
Decision_3,1
Decision_4,1
Decision_5,1
Decision_6,1
Decision_7,1
Decision_8,1
Decision_9,1
Decision_10,1
Decision_11,1
Decision_12,0
Decision_13,1
Decision_14,1
Decision_15,1
Decision_16,1
Decision_17,1
Decision_18,1
Decision_19,1
Decision_20,0
Decision_21,1
Decision_22,1
Decision_23,1
Decision_24,1
Decision_25,1
Decision_26,0
Decision_27,1
Decision_28,0
Decision_29,0
Decision_30,1
Decision_31,1
Decision_32,1
Decision_33,1
Decision_34,1
Decision_35,1
Decision_36,0
Decision_37,1
Decision_38,0
Decision_39,1
Decision_40,1
Decision_41,1
Decision_42,1
Decision_43,1
Decision_44,1
Decision_45,1
Decision_46,1
Decision_47,1
Decision_48,0
Decision_49,1
Decision_50,1
Decision_51,0
Decision_52,0
Decision_53,0
Decision_54,1
Decision_55,0
Decision_56,0
Decision_57,0
Decision_58,0
Decision_59,0
Decision_60,0
Decision_61,0
Decision_62,1
Decision_63,1
Decision_64,1
Decision_65,1
Decision_66,1
Decision_67,1
Decision_68,1
Decision_69,0
Decision_70,1
Decision_71,1
Decision_72,0
Decision_73,1
Decision_74,1
Decision_75,1
Decision_76,1
Decision_77,1
Decision_78,1
Decision_79,1
Decision_80,1
Decision_81,1
Decision_82,0
Decision_83,0
Decision_84,1
Decision_85,0
Decision_86,1
Decision_87,1
Decision_88,1
Decision_89,1
Decision_90,1
Decision_91,1
Decision_92,0
Decision_93,1
Decision_94,0
Decision_95,0
Decision_96,1
Decision_97,1
Decision_98,1
Decision_99,1
Decision_100,1
Decision_101,1
Decision_102,1
Decision_103,1
Decision_104,1
Decision_105,0
Decision_106,1
Decision_107,1
Decision_108,1
Decision_109,1
Decision_110,1
Decision_111,0
Decision_112,0
Decision_113,0
Decision_114,1
Decision_115,1
Decision_116,1
Decision_117,1
Decision_118,1
Decision_119,1
Decision_120,1
Decision_121,1
Decision_122,1
Decision_123,0
Decision_124,0
Decision_125,1
Decision_126,1
Decision_127,1
Decision_128,1
Decision_129,1
Decision_130,1
Decision_131,0
Decision_132,0
Decision_133,1
Decision_134,1
Decision_135,0
Decision_136,1
Decision_137,1
Decision_138,1
Decision_139,0
Decision_140,0
Decision_141,1
Decision_142,0
Decision_143,1
Decision_144,1
Decision_145,1
Decision_146,1
Decision_147,1
Decision_148,1
Decision_149,1
Decision_150,1
Decision_151,1
Decision_152,1
Decision_153,1
Decision_154,1
Decision_155,1
Decision_156,1
Decision_157,0
Decision_158,1
Decision_159,1
Decision_160,1
Decision_161,1
Decision_162,1
Decision_163,1
Decision_164,1
Decision_165,1
Decision_166,1
Decision_167,1
Decision_168,1
Decision_169,1
Decision_170,1
Decision_171,1
Decision_172,1
Decision_173,1
Decision_174,1
Decision_175,1
Decision_176,0
Decision_177,1
Decision_178,1
Decision_179,1
Decision_180,1
Decision_181,1
Decision_182,1
Decision_183,1
Decision_184,0
Decision_185,1
Decision_186,0
Decision_187,1
Decision_188,1
Decision_189,1
Decision_190,1
Decision_191,1
Decision_192,1
Decision_193,1
Decision_194,0
Decision_195,1
Decision_196,1
Decision_197,1
Decision_198,1
Decision_199,1
Decision_200,1
Decision_201,1
Decision_202,1
Decision_203,1
Decision_204,1
Decision_205,1
Decision_206,1
Decision_207,1
Decision_208,1
Decision_209,0
Decision_210,0
Decision_211,1
Decision_212,0
Decision_213,0
Decision_214,1
Decision_215,1
Decision_216,1
Decision_217,0
Decision_218,0
Decision_219,0
Decision_220,1
Decision_221,0
Decision_222,0
Decision_223,0
Decision_224,1
Decision_225,1
Decision_226,1
Decision_227,1
Decision_228,1
Decision_229,1
Decision_230,1
Decision_231,0
Decision_232,1
Decision_233,0
Decision_234,1
Decision_235,1
Decision_236,1
Decision_237,1
Decision_238,1
Decision_239,1
Decision_240,1
Decision_241,1
Decision_242,1
Decision_243,1
Decision_244,1
Decision_245,1
Decision_246,1
Decision_247,1
Decision_248,1
Decision_249,1
Decision_250,1
Decision_251,1
Decision_252,1
Decision_253,1
Decision_254,0
Decision_255,1
Decision_256,1
Decision_257,1
Decision_258,1
Decision_259,1
Decision_260,1
Decision_261,1
Decision_262,1
Decision_263,1
Decision_264,1
Decision_265,0
Decision_266,1
Decision_267,1
Decision_268,1
Decision_269,1
Decision_270,1
Decision_271,1
Decision_272,0
Decision_273,1
Decision_274,1
Decision_275,1
Decision_276,1
Decision_277,1
Decision_278,1
Decision_279,1
Decision_280,1
Decision_281,1
Decision_282,1
Decision_283,1
Decision_284,1
Decision_285,1
Decision_286,1
Decision_287,1
Decision_288,1
Decision_289,0
Decision_290,1
Decision_291,0
Decision_292,1
Decision_293,1
Decision_294,0
Decision_295,1
Decision_296,1
Decision_297,1
Decision_298,1
Decision_299,1
Decision_300,0
Decision_301,1
Decision_302,1
Decision_303,1
Decision_304,0
Decision_305,1
Decision_306,1
Decision_307,1
Decision_308,1
Decision_309,1
Decision_310,1
Decision_311,1
Decision_312,0
Decision_313,1
Decision_314,1
Decision_315,1
Decision_316,1
Decision_317,1
Decision_318,1
Decision_319,0
Decision_320,1
Decision_321,1
Decision_322,1
Decision_323,1
Decision_324,1
Decision_325,1
Decision_326,1
Decision_327,0
Decision_328,1
Decision_329,1
Decision_330,1
Decision_331,1
Decision_332,1
Decision_333,0
Decision_334,1
Decision_335,1
Decision_336,1
Decision_337,1
Decision_338,1
Decision_339,1
Decision_340,1
Decision_341,1
Decision_342,1
Decision_343,0
Decision_344,1
Decision_345,1
Decision_346,1
Decision_347,1
Decision_348,1
Decision_349,1
Decision_350,1
Decision_351,1
Decision_352,1
Decision_353,1
Decision_354,1
Decision_355,1
Decision_356,1
Decision_357,1
Decision_358,1
Decision_359,1
Decision_360,0
Decision_361,1
Decision_362,1
Decision_363,0
Decision_364,1
Decision_365,1
Decision_366,0
Decision_367,1
Decision_368,1
Decision_369,1
Decision_370,1
Decision_371,1
Decision_372,1
Decision_373,1
Decision_374,1
Decision_375,1
Decision_376,1
Decision_377,1
Decision_378,1
Decision_379,0
Decision_380,0
Decision_381,1
Decision_382,0
Decision_383,1
Decision_384,1
Decision_385,1
Decision_386,1
Decision_387,0
Decision_388,0
Decision_389,0
Decision_390,1
Decision_391,1
Decision_392,1
Decision_393,1
Decision_394,1
Decision_395,1
Decision_396,1
Decision_397,0
Decision_398,1
Decision_399,1
Decision_400,1
Decision_401,0
Decision_402,1
Decision_403,1
Decision_404,0
Decision_405,1
Decision_406,0
Decision_407,1
Decision_408,1
Decision_409,1
Decision_410,0
Decision_411,1
Decision_412,0
Decision_413,1
Decision_414,1
Decision_415,1
Decision_416,1
Decision_417,1
Decision_418,1
Decision_419,1
Decision_420,1
Decision_421,1
Decision_422,1
Decision_423,1
Decision_424,1
Decision_425,1
Decision_426,1
Decision_427,1
Decision_428,1
Decision_429,1
Decision_430,1
Decision_431,1
Decision_432,1
Decision_433,0
Decision_434,1
Decision_435,1
Decision_436,1
Decision_437,0
Decision_438,1
Decision_439,1
Decision_440,1
Decision_441,1
Decision_442,1
Decision_443,0
Decision_444,0
Decision_445,1
Decision_446,1
Decision_447,1
Decision_448,0
Decision_449,0
Decision_450,1
Decision_451,0
Decision_452,1
Decision_453,0
Decision_454,1
Decision_455,1
Decision_456,0
Decision_457,1
Decision_458,1
Decision_459,1
Decision_460,1
Decision_461,1
Decision_462,1
Decision_463,1
Decision_464,1
Decision_465,1
Decision_466,1
Decision_467,1
Decision_468,1
Decision_469,1
Decision_470,1
Decision_471,1
Decision_472,1
Decision_473,1
Decision_474,1
Decision_475,1
Decision_476,1
Decision_477,1
Decision_478,1
Decision_479,1
Decision_480,1
Decision_481,1
Decision_482,1
Decision_483,1
Decision_484,1
Decision_485,1
Decision_486,0
Decision_487,1
Decision_488,1
Decision_489,1
Decision_490,1
Decision_491,1
Decision_492,1
Decision_493,1
Decision_494,1
Decision_495,1
Decision_496,1
Decision_497,1
Decision_498,1
Decision_499,0
Decision_500,1
Decision_501,0
Decision_502,0
Decision_503,1
Decision_504,1
Decision_505,0
Decision_506,0
Decision_507,0
Decision_508,1
Decision_509,1
Decision_510,1
Decision_511,1
Decision_512,1
Decision_513,1
Decision_514,1
Decision_515,1
Decision_516,1
Decision_517,1
Decision_518,1
Decision_519,1
Decision_520,1
Decision_521,1
Decision_522,1
Decision_523,0
Decision_524,1
Decision_525,1
Decision_526,1
Decision_527,1
Decision_528,1
Decision_529,1
Decision_530,1
Decision_531,1
Decision_532,1
Decision_533,1
Decision_534,1
Decision_535,1
Decision_536,1
Decision_537,1
Decision_538,1
Decision_539,0
Decision_540,0
Decision_541,1
Decision_542,1
Decision_543,1
Decision_544,1
Decision_545,0
Decision_546,1
Decision_547,1
Decision_548,1
Decision_549,1
Decision_550,1
Decision_551,1
Decision_552,0
Decision_553,0
Decision_554,1
Decision_555,1
Decision_556,1
Decision_557,1
Decision_558,1
Decision_559,1
Decision_560,1
Decision_561,0
Decision_562,1
Decision_563,1
Decision_564,1
Decision_565,1
Decision_566,1
Decision_567,1
Decision_568,1
Decision_569,0
Decision_570,1
Decision_571,0
Decision_572,1
Decision_573,1
Decision_574,1
Decision_575,1
Decision_576,1
Decision_577,1
Decision_578,0
Decision_579,0
Decision_580,1
Decision_581,0
Decision_582,1
Decision_583,1
Decision_584,0
Decision_585,1
Decision_586,1
Decision_587,1
Decision_588,1
Decision_589,1
Decision_590,1
Decision_591,1
Decision_592,1
Decision_593,0
Decision_594,1
Decision_595,1
Decision_596,1
Decision_597,1
Decision_598,1
Decision_599,0
Decision_600,1
Decision_601,1
Decision_602,0
Decision_603,0
Decision_604,1
Decision_605,0
Decision_606,1
Decision_607,1
Decision_608,1
Decision_609,1
Decision_610,1
Decision_611,0
Decision_612,1
Decision_613,1
Decision_614,1
Decision_615,1
Decision_616,0
Decision_617,1
Decision_618,1
Decision_619,1
Decision_620,1
Decision_621,1
Decision_622,0
Decision_623,0
Decision_624,1
Decision_625,1
Decision_626,0
Decision_627,1
Decision_628,1
Decision_629,1
Decision_630,1
Decision_631,1
Decision_632,1
Decision_633,1
Decision_634,0
Decision_635,0
Decision_636,1
Decision_637,1
Decision_638,1
Decision_639,1
Decision_640,1
Decision_641,1
Decision_642,0
Decision_643,0
Decision_644,0
Decision_645,1
Decision_646,1
Decision_647,1
Decision_648,1
Decision_649,1
Decision_650,0
Decision_651,1
Decision_652,1
Decision_653,1
Decision_654,0
Decision_655,1
Decision_656,1
Decision_657,1
Decision_658,1
Decision_659,0
Decision_660,0
Decision_661,1
Decision_662,1
Decision_663,1
Decision_664,1
Decision_665,0
Decision_666,1
Decision_667,1
Decision_668,0
Decision_669,1
Decision_670,1
Decision_671,1
Decision_672,1
Decision_673,1
Decision_674,1
Decision_675,1
Decision_676,1
Decision_677,1
Decision_678,0
Decision_679,1
Decision_680,1
Decision_681,0
Decision_682,1
Decision_683,1
Decision_684,1
Decision_685,1
Decision_686,1
Decision_687,1
Decision_688,1
Decision_689,1
Decision_690,1
Decision_691,1
Decision_692,1
Decision_693,1
Decision_694,0
Decision_695,1
Decision_696,0
Decision_697,1
Decision_698,1
Decision_699,1
Decision_700,0
Decision_701,1
Decision_702,0
Decision_703,0
Decision_704,1
Decision_705,1
Decision_706,1
Decision_707,1
Decision_708,1
Decision_709,1
Decision_710,1
Decision_711,1
Decision_712,1
Decision_713,1
Decision_714,0
Decision_715,1
Decision_716,1
Decision_717,0
Decision_718,1
Decision_719,1
Decision_720,1
Decision_721,1
Decision_722,1
Decision_723,1
Decision_724,1
Decision_725,1
Decision_726,1
Decision_727,1
Decision_728,1
Decision_729,1
Decision_730,1
Decision_731,1
Decision_732,0
Decision_733,0
Decision_734,1
Decision_735,0
Decision_736,0
Decision_737,0
Decision_738,1
Decision_739,0
Decision_740,1
Decision_741,1
Decision_742,1
Decision_743,0
Decision_744,1
Decision_745,0
Decision_746,0
Decision_747,1
Decision_748,1
Decision_749,1
Decision_750,1
Decision_751,1
Decision_752,1
Decision_753,1
Decision_754,1
Decision_755,0
Decision_756,0
Decision_757,1
Decision_758,1
Decision_759,1
Decision_760,1
Decision_761,1
Decision_762,1
Decision_763,0
Decision_764,1
Decision_765,0
Decision_766,1
Decision_767,1
Decision_768,1
Decision_769,1
Decision_770,1
Decision_771,1
Decision_772,1
Decision_773,1
Decision_774,1
Decision_775,0
Decision_776,1
Decision_777,0
Decision_778,1
Decision_779,1
Decision_780,1
Decision_781,1
Decision_782,1
Decision_783,0
Decision_784,1
Decision_785,1
Decision_786,1
Decision_787,1
Decision_788,1
Decision_789,0
Decision_790,1
Decision_791,0
Decision_792,1
Decision_793,1
Decision_794,1
Decision_795,1
Decision_796,1
Decision_797,1
Decision_798,1
Decision_799,1
Decision_800,1
Decision_801,1
Decision_802,1
Decision_803,1
Decision_804,1
Decision_805,1
Decision_806,1
Decision_807,1
Decision_808,1
Decision_809,1
Decision_810,1
Decision_811,0
Decision_812,1
Decision_813,0
Decision_814,1
Decision_815,1
Decision_816,1
Decision_817,1
Decision_818,1
Decision_819,0
Decision_820,1
Decision_821,1
Decision_822,1
Decision_823,1
Decision_824,1
Decision_825,1
Decision_826,1
Decision_827,1
Decision_828,1
Decision_829,1
Decision_830,1
Decision_831,1
Decision_832,1
Decision_833,1
Decision_834,1
Decision_835,1
Decision_836,1
Decision_837,1
Decision_838,1
Decision_839,1
Decision_840,1
Decision_841,1
Decision_842,1
Decision_843,1
Decision_844,1
Decision_845,1
Decision_846,1
Decision_847,1
Decision_848,1
Decision_849,1
Decision_850,1
Decision_851,1
Decision_852,1
Decision_853,1
Decision_854,1
Decision_855,1
Decision_856,1
Decision_857,0
Decision_858,1
Decision_859,1
Decision_860,1
Decision_861,0
Decision_862,1
Decision_863,1
Decision_864,1
Decision_865,0
Decision_866,1
Decision_867,1
Decision_868,1
Decision_869,1
Decision_870,1
Decision_871,1
Decision_872,1
Decision_873,1
Decision_874,1
Decision_875,1
Decision_876,1
Decision_877,1
Decision_878,1
Decision_879,0
Decision_880,1
Decision_881,1
Decision_882,1
Decision_883,1
Decision_884,1
Decision_885,1
Decision_886,1
Decision_887,1
Decision_888,1
Decision_889,1
Decision_890,1
Decision_891,1
Decision_892,1
Decision_893,1
Decision_894,1
Decision_895,1
Decision_896,1
Decision_897,1
Decision_898,1
Decision_899,0
Decision_900,1
Decision_901,1
Decision_902,1
Decision_903,1
Decision_904,1
Decision_905,1
Decision_906,1
Decision_907,1
Decision_908,1
Decision_909,1
Decision_910,1
Decision_911,0
Decision_912,1
Decision_913,1
Decision_914,1
Decision_915,1
Decision_916,1
Decision_917,1
Decision_918,1
Decision_919,1
Decision_920,1
Decision_921,1
Decision_922,1
Decision_923,0
Decision_924,1
Decision_925,0
Decision_926,1
Decision_927,0
Decision_928,0
Decision_929,1
Decision_930,1
Decision_931,1
Decision_932,1
Decision_933,1
Decision_934,1
Decision_935,0
Decision_936,1
Decision_937,1
Decision_938,1
Decision_939,1
Decision_940,1
Decision_941,1
Decision_942,1
Decision_943,1
Decision_944,1
Decision_945,1
Decision_946,1
Decision_947,1
Decision_948,1
Decision_949,1
Decision_950,1
Decision_951,1
Decision_952,1
Decision_953,1
Decision_954,1
Decision_955,1
Decision_956,0
Decision_957,0
Decision_958,1
Decision_959,1
Decision_960,1
Decision_961,1
Decision_962,1
Decision_963,1
Decision_964,1
Decision_965,1
Decision_966,1
Decision_967,1
Decision_968,1
Decision_969,1
Decision_970,1
Decision_971,0
Decision_972,1
Decision_973,1
Decision_974,1
Decision_975,1
Decision_976,1
Decision_977,1
Decision_978,0
Decision_979,1
Decision_980,1
Decision_981,1
Decision_982,1
Decision_983,1
Decision_984,1
Decision_985,1
Decision_986,1
Decision_987,1
Decision_988,1
Decision_989,1
Decision_990,1
Decision_991,1
Decision_992,1
Decision_993,1
Decision_994,0
Decision_995,1
Decision_996,1
Decision_997,0
Decision_998,0
Decision_999,1
Decision_1000,1
Decision_1001,1
Decision_1002,1
Decision_1003,1
Decision_1004,1
Decision_1005,1
Decision_1006,1
Decision_1007,1
Decision_1008,1
Decision_1009,1
Decision_1010,1
Decision_1011,1
Decision_1012,1
Decision_1013,1
Decision_1014,0
Decision_1015,1
Decision_1016,1
Decision_1017,0
Decision_1018,1
Decision_1019,1
Decision_1020,1
Decision_1021,1
Decision_1022,1
Decision_1023,1
Decision_1024,1
Decision_1025,0
Decision_1026,1
Decision_1027,1
Decision_1028,1
Decision_1029,1
Decision_1030,1
Decision_1031,1
Decision_1032,1
Decision_1033,1
Decision_1034,1
Decision_1035,1
Decision_1036,1
Decision_1037,0
Decision_1038,1
Decision_1039,1
Decision_1040,1
Decision_1041,1
Decision_1042,0
Decision_1043,0
Decision_1044,1
Decision_1045,0
Decision_1046,0
Decision_1047,0
Decision_1048,0
Decision_1049,0
Decision_1050,1
Decision_1051,1
Decision_1052,1
Decision_1053,1
Decision_1054,0
Decision_1055,1
Decision_1056,1
Decision_1057,1
Decision_1058,1
Decision_1059,1
Decision_1060,1
Decision_1061,1
Decision_1062,1
Decision_1063,0
Decision_1064,1
Decision_1065,1
Decision_1066,1
Decision_1067,1
Decision_1068,1
Decision_1069,0
Decision_1070,1
Decision_1071,1
Decision_1072,1
Decision_1073,1
Decision_1074,1
Decision_1075,1
Decision_1076,1
Decision_1077,1
Decision_1078,0
Decision_1079,1
Decision_1080,0
Decision_1081,1
Decision_1082,1
Decision_1083,1
Decision_1084,1
Decision_1085,1
Decision_1086,1
Decision_1087,1
Decision_1088,0
Decision_1089,0
Decision_1090,0
Decision_1091,1
Decision_1092,1
Decision_1093,1
Decision_1094,1
Decision_1095,1
Decision_1096,1
Decision_1097,1
Decision_1098,0
Decision_1099,1
Decision_1100,0
Decision_1101,0
Decision_1102,1
Decision_1103,0
Decision_1104,1
Decision_1105,1
Decision_1106,0
Decision_1107,1
Decision_1108,1
Decision_1109,1
Decision_1110,1
Decision_1111,1
Decision_1112,1
Decision_1113,1
Decision_1114,1
Decision_1115,1
Decision_1116,1
Decision_1117,1
Decision_1118,1
Decision_1119,1
Decision_1120,0
Decision_1121,1
Decision_1122,0
Decision_1123,1
Decision_1124,1
Decision_1125,0
Decision_1126,1
Decision_1127,1
Decision_1128,1
Decision_1129,1
Decision_1130,1
Decision_1131,1
Decision_1132,1
Decision_1133,1
Decision_1134,1
Decision_1135,1
Decision_1136,1
Decision_1137,1
Decision_1138,1
Decision_1139,1
Decision_1140,1
Decision_1141,1
Decision_1142,0
Decision_1143,1
Decision_1144,1
Decision_1145,0
Decision_1146,1
Decision_1147,1
Decision_1148,1
Decision_1149,1
Decision_1150,1
Decision_1151,1
Decision_1152,0
Decision_1153,1
Decision_1154,1
Decision_1155,1
Decision_1156,1
Decision_1157,1
Decision_1158,1
Decision_1159,1
Decision_1160,0
Decision_1161,0
Decision_1162,0
Decision_1163,1
Decision_1164,1
Decision_1165,1
Decision_1166,0
Decision_1167,0
Decision_1168,1
Decision_1169,1
Decision_1170,1
Decision_1171,1
Decision_1172,1
Decision_1173,1
Decision_1174,0
Decision_1175,0
Decision_1176,1
Decision_1177,0
Decision_1178,0
Decision_1179,0
Decision_1180,1
Decision_1181,1
Decision_1182,1
Decision_1183,1
Decision_1184,1
Decision_1185,1
Decision_1186,1
Decision_1187,1
Decision_1188,1
Decision_1189,1
Decision_1190,0
Decision_1191,1
Decision_1192,1
Decision_1193,1
Decision_1194,1
Decision_1195,1
Decision_1196,1
Decision_1197,1
Decision_1198,0
Decision_1199,1
Decision_1200,1
Decision_1201,1
Decision_1202,1
Decision_1203,1
Decision_1204,1
Decision_1205,0
Decision_1206,1
Decision_1207,1
Decision_1208,1
Decision_1209,1
Decision_1210,1
Decision_1211,1
Decision_1212,1
Decision_1213,1
Decision_1214,1
Decision_1215,1
Decision_1216,1
Decision_1217,1
Decision_1218,0
Decision_1219,1
Decision_1220,1
Decision_1221,1
Decision_1222,0
Decision_1223,1
Decision_1224,1
Decision_1225,0
Decision_1226,1
Decision_1227,1
Decision_1228,1
Decision_1229,1
Decision_1230,1
Decision_1231,1
Decision_1232,1
Decision_1233,1
Decision_1234,0
Decision_1235,0
Decision_1236,1
Decision_1237,1
Decision_1238,1
Decision_1239,1
Decision_1240,1
Decision_1241,1
Decision_1242,1
Decision_1243,1
Decision_1244,1
Decision_1245,0
Decision_1246,0
Decision_1247,1
Decision_1248,1
Decision_1249,1
Decision_1250,1
Decision_1251,0
Decision_1252,1
Decision_1253,1
Decision_1254,1
Decision_1255,1
Decision_1256,1
Decision_1257,1
Decision_1258,0
Decision_1259,1
Decision_1260,0
Decision_1261,0
Decision_1262,1
Decision_1263,1
Decision_1264,0
Decision_1265,1
Decision_1266,1
Decision_1267,1
Decision_1268,1
Decision_1269,1
Decision_1270,1
Decision_1271,1
Decision_1272,1
Decision_1273,1
Decision_1274,1
Decision_1275,1
Decision_1276,1
Decision_1277,1
Decision_1278,1
Decision_1279,1
Decision_1280,1
Decision_1281,1
Decision_1282,1
Decision_1283,1
Decision_1284,1
Decision_1285,1
Decision_1286,1
Decision_1287,1
Decision_1288,1
Decision_1289,1
Decision_1290,1
Decision_1291,1
Decision_1292,0
Decision_1293,1
Decision_1294,1
Decision_1295,1
Decision_1296,1
Decision_1297,1
Decision_1298,0
Decision_1299,0
Decision_1300,1
Decision_1301,0
Decision_1302,0
Decision_1303,0
Decision_1304,1
Decision_1305,1
Decision_1306,1
Decision_1307,1
Decision_1308,0
Decision_1309,1
Decision_1310,1
Decision_1311,1
Decision_1312,1
Decision_1313,1
Decision_1314,0
Decision_1315,1
Decision_1316,1
Decision_1317,1
Decision_1318,1
Decision_1319,1
Decision_1320,1
Decision_1321,1
Decision_1322,1
Decision_1323,1
Decision_1324,1
Decision_1325,0
Decision_1326,1
Decision_1327,1
Decision_1328,0
Decision_1329,1
Decision_1330,0
Decision_1331,1
Decision_1332,1
Decision_1333,1
Decision_1334,1
Decision_1335,1
Decision_1336,1
Decision_1337,1
Decision_1338,0
Decision_1339,1
Decision_1340,0
Decision_1341,1
Decision_1342,1
Decision_1343,1
Decision_1344,0
Decision_1345,1
Decision_1346,0
Decision_1347,1
Decision_1348,0
Decision_1349,1
Decision_1350,1
Decision_1351,1
Decision_1352,1
Decision_1353,0
Decision_1354,1
Decision_1355,1
Decision_1356,1
Decision_1357,0
Decision_1358,1
Decision_1359,1
Decision_1360,1
Decision_1361,1
Decision_1362,1
Decision_1363,1
Decision_1364,1
Decision_1365,0
Decision_1366,1
Decision_1367,1
Decision_1368,1
Decision_1369,0
Decision_1370,1
Decision_1371,1
Decision_1372,1
Decision_1373,1
Decision_1374,1
Decision_1375,1
Decision_1376,0
Decision_1377,1
Decision_1378,0
Decision_1379,0
Decision_1380,1
Decision_1381,1
Decision_1382,1
Decision_1383,1
Decision_1384,1
Decision_1385,1
Decision_1386,1
Decision_1387,0
Decision_1388,1
Decision_1389,1
Decision_1390,1
Decision_1391,1
Decision_1392,1
Decision_1393,1
Decision_1394,1
Decision_1395,1
Decision_1396,1
Decision_1397,1
Decision_1398,1
Decision_1399,1
Decision_1400,1
Decision_1401,1
Decision_1402,1
Decision_1403,1
Decision_1404,1
Decision_1405,1
Decision_1406,1
Decision_1407,1
Decision_1408,1
Decision_1409,1
Decision_1410,1
Decision_1411,1
Decision_1412,1
Decision_1413,1
Decision_1414,0
Decision_1415,1
Decision_1416,1
Decision_1417,1
Decision_1418,1
Decision_1419,0
Decision_1420,1
Decision_1421,0
Decision_1422,1
Decision_1423,1
Decision_1424,0
Decision_1425,1
Decision_1426,1
Decision_1427,1
Decision_1428,0
Decision_1429,1
Decision_1430,1
Decision_1431,1
Decision_1432,1
Decision_1433,0
Decision_1434,1
Decision_1435,1
Decision_1436,1
Decision_1437,1
Decision_1438,0
Decision_1439,1
Decision_1440,1
Decision_1441,1
Decision_1442,0
Decision_1443,0
Decision_1444,1
Decision_1445,1
Decision_1446,1
Decision_1447,1
Decision_1448,1
Decision_1449,0
Decision_1450,0
Decision_1451,1
Decision_1452,1
Decision_1453,0
Decision_1454,1
Decision_1455,1
Decision_1456,1
Decision_1457,1
Decision_1458,1
Decision_1459,1
Decision_1460,1
Decision_1461,1
Decision_1462,1
Decision_1463,0
Decision_1464,1
Decision_1465,1
Decision_1466,1
Decision_1467,1
Decision_1468,1
Decision_1469,1
Decision_1470,1
Decision_1471,1
Decision_1472,1
Decision_1473,1
Decision_1474,1
Decision_1475,1
Decision_1476,0
Decision_1477,1
Decision_1478,1
Decision_1479,1
Decision_1480,1
Decision_1481,1
Decision_1482,1
Decision_1483,1
Decision_1484,1
Decision_1485,1
Decision_1486,1
Decision_1487,0
Decision_1488,1
Decision_1489,0
Decision_1490,0
Decision_1491,1
Decision_1492,1
Decision_1493,1
Decision_1494,1
Decision_1495,1
Decision_1496,1
Decision_1497,1
Decision_1498,1
Decision_1499,1
Decision_1500,1
Decision_1501,1
Decision_1502,1
Decision_1503,1
Decision_1504,0
Decision_1505,1
Decision_1506,1
Decision_1507,1
Decision_1508,1
Decision_1509,0
Decision_1510,1
Decision_1511,1
Decision_1512,1
Decision_1513,1
Decision_1514,1
Decision_1515,1
Decision_1516,1
Decision_1517,1
Decision_1518,1
Decision_1519,0
Decision_1520,1
Decision_1521,1
Decision_1522,1
Decision_1523,1
Decision_1524,0
Decision_1525,0
Decision_1526,1
Decision_1527,1
Decision_1528,1
Decision_1529,1
Decision_1530,1
Decision_1531,0
Decision_1532,1
Decision_1533,1
Decision_1534,0
Decision_1535,1
Decision_1536,1
Decision_1537,0
Decision_1538,1
Decision_1539,1
Decision_1540,1
Decision_1541,1
Decision_1542,1
Decision_1543,1
Decision_1544,1
Decision_1545,1
Decision_1546,1
Decision_1547,0
Decision_1548,1
Decision_1549,0
Decision_1550,1
Decision_1551,1
Decision_1552,1
Decision_1553,1
Decision_1554,1
Decision_1555,1
Decision_1556,1
Decision_1557,1
Decision_1558,1
Decision_1559,1
Decision_1560,1
Decision_1561,1
Decision_1562,1
Decision_1563,1
Decision_1564,1
Decision_1565,0
Decision_1566,1
Decision_1567,1
Decision_1568,1
Decision_1569,1
Decision_1570,1
Decision_1571,1
Decision_1572,1
Decision_1573,1
Decision_1574,1
Decision_1575,1
Decision_1576,1
Decision_1577,1
Decision_1578,1
Decision_1579,0
Decision_1580,1
Decision_1581,1
Decision_1582,1
Decision_1583,1
Decision_1584,1
Decision_1585,1
Decision_1586,1
Decision_1587,0
Decision_1588,1
Decision_1589,1
Decision_1590,0
Decision_1591,0
Decision_1592,1
Decision_1593,1
Decision_1594,1
Decision_1595,1
Decision_1596,0
Decision_1597,1
Decision_1598,1
Decision_1599,0
Decision_1600,1
Decision_1601,1
Decision_1602,1
Decision_1603,1
Decision_1604,0
Decision_1605,1
Decision_1606,1
Decision_1607,1
Decision_1608,1
Decision_1609,1
Decision_1610,1
Decision_1611,1
Decision_1612,1
Decision_1613,1
Decision_1614,1
Decision_1615,1
Decision_1616,0
Decision_1617,1
Decision_1618,1
Decision_1619,1
Decision_1620,1
Decision_1621,1
Decision_1622,1
Decision_1623,1
Decision_1624,1
Decision_1625,1
Decision_1626,0
Decision_1627,1
Decision_1628,0
Decision_1629,1
Decision_1630,0
Decision_1631,1
Decision_1632,1
Decision_1633,1
Decision_1634,1
Decision_1635,1
Decision_1636,1
Decision_1637,1
Decision_1638,1
Decision_1639,1
Decision_1640,1
Decision_1641,1
Decision_1642,1
Decision_1643,1
Decision_1644,1
Decision_1645,1
Decision_1646,1
Decision_1647,1
Decision_1648,1
Decision_1649,1
Decision_1650,1
Decision_1651,1
Decision_1652,1
Decision_1653,1
Decision_1654,1
Decision_1655,1
Decision_1656,0
Decision_1657,0
Decision_1658,1
Decision_1659,1
Decision_1660,1
Decision_1661,1
Decision_1662,0
Decision_1663,0
Decision_1664,0
Decision_1665,0
Decision_1666,0
Decision_1667,1
Decision_1668,1
Decision_1669,1
Decision_1670,1
Decision_1671,1
Decision_1672,0
Decision_1673,1
Decision_1674,0
Decision_1675,0
Decision_1676,1
Decision_1677,1
Decision_1678,0
Decision_1679,0
Decision_1680,1
Decision_1681,1
Decision_1682,1
Decision_1683,0
Decision_1684,0
Decision_1685,1
Decision_1686,1
Decision_1687,1
Decision_1688,1
Decision_1689,1
Decision_1690,0
Decision_1691,1
Decision_1692,1
Decision_1693,1
Decision_1694,1
Decision_1695,0
Decision_1696,1
Decision_1697,1
Decision_1698,0
Decision_1699,1
Decision_1700,1
Decision_1701,1
Decision_1702,1
Decision_1703,1
Decision_1704,1
Decision_1705,1
Decision_1706,1
Decision_1707,1
Decision_1708,1
Decision_1709,1
Decision_1710,1
Decision_1711,1
Decision_1712,1
Decision_1713,1
Decision_1714,1
Decision_1715,1
Decision_1716,0
Decision_1717,1
Decision_1718,1
Decision_1719,1
Decision_1720,1
Decision_1721,1
Decision_1722,1
Decision_1723,1
Decision_1724,0
Decision_1725,1
Decision_1726,1
Decision_1727,1
Decision_1728,1
Decision_1729,1
Decision_1730,1
Decision_1731,1
Decision_1732,0
Decision_1733,0
Decision_1734,1
Decision_1735,1
Decision_1736,1
Decision_1737,1
Decision_1738,1
Decision_1739,0
Decision_1740,1
Decision_1741,0
Decision_1742,0
Decision_1743,0
Decision_1744,1
Decision_1745,1
Decision_1746,1
Decision_1747,1
Decision_1748,1
Decision_1749,1
Decision_1750,1
Decision_1751,0
Decision_1752,1
Decision_1753,0
Decision_1754,1
Decision_1755,1
Decision_1756,1
Decision_1757,1
Decision_1758,0
Decision_1759,1
Decision_1760,1
Decision_1761,1
Decision_1762,1
Decision_1763,0
Decision_1764,1
Decision_1765,1
Decision_1766,1
Decision_1767,1
Decision_1768,0
Decision_1769,1
Decision_1770,1
Decision_1771,0
Decision_1772,1
Decision_1773,1
Decision_1774,1
Decision_1775,1
Decision_1776,1
Decision_1777,0
Decision_1778,0
Decision_1779,1
Decision_1780,1
Decision_1781,0
Decision_1782,1
Decision_1783,0
Decision_1784,1
Decision_1785,1
Decision_1786,1
Decision_1787,1
Decision_1788,1
Decision_1789,1
Decision_1790,1
Decision_1791,0
Decision_1792,1
Decision_1793,1
Decision_1794,1
Decision_1795,0
Decision_1796,0
Decision_1797,1
Decision_1798,1
Decision_1799,1
Decision_1800,1
Decision_1801,1
Decision_1802,0
Decision_1803,0
Decision_1804,1
Decision_1805,0
Decision_1806,1
Decision_1807,1
Decision_1808,0
Decision_1809,1
Decision_1810,1
Decision_1811,1
Decision_1812,1
Decision_1813,1
Decision_1814,1
Decision_1815,1
Decision_1816,1
Decision_1817,0
Decision_1818,1
Decision_1819,0
Decision_1820,1
Decision_1821,0
Decision_1822,1
Decision_1823,1
Decision_1824,1
Decision_1825,1
Decision_1826,1
Decision_1827,0
Decision_1828,1
Decision_1829,1
Decision_1830,1
Decision_1831,1
Decision_1832,1
Decision_1833,1
Decision_1834,1
Decision_1835,1
Decision_1836,0
Decision_1837,0
Decision_1838,1
Decision_1839,1
Decision_1840,1
Decision_1841,1
Decision_1842,1
Decision_1843,1
Decision_1844,1
Decision_1845,1
Decision_1846,1
Decision_1847,0
Decision_1848,1
Decision_1849,1
Decision_1850,1
Decision_1851,1
Decision_1852,1
Decision_1853,1
Decision_1854,1
Decision_1855,1
Decision_1856,0
Decision_1857,1
Decision_1858,1
Decision_1859,1
Decision_1860,1
Decision_1861,1
Decision_1862,1
Decision_1863,1
Decision_1864,0
Decision_1865,1
Decision_1866,1
Decision_1867,1
Decision_1868,1
Decision_1869,0
Decision_1870,1
Decision_1871,1
Decision_1872,1
Decision_1873,1
Decision_1874,1
Decision_1875,1
Decision_1876,1
Decision_1877,1
Decision_1878,1
Decision_1879,1
Decision_1880,1
Decision_1881,1
Decision_1882,1
Decision_1883,0
Decision_1884,1
Decision_1885,1
Decision_1886,1
Decision_1887,1
Decision_1888,1
Decision_1889,1
Decision_1890,1
Decision_1891,1
Decision_1892,1
Decision_1893,1
Decision_1894,0
Decision_1895,1
Decision_1896,1
Decision_1897,1
Decision_1898,1
Decision_1899,0
Decision_1900,1
Decision_1901,1
Decision_1902,1
Decision_1903,0
Decision_1904,1
Decision_1905,1
Decision_1906,1
Decision_1907,0
Decision_1908,0
Decision_1909,0
Decision_1910,1
Decision_1911,1
Decision_1912,1
Decision_1913,0
Decision_1914,0
Decision_1915,0
Decision_1916,1
Decision_1917,1
Decision_1918,1
Decision_1919,1
Decision_1920,1
Decision_1921,1
Decision_1922,1
Decision_1923,1
Decision_1924,1
Decision_1925,0
Decision_1926,1
Decision_1927,1
Decision_1928,0
Decision_1929,1
Decision_1930,1
Decision_1931,1
Decision_1932,1
Decision_1933,1
Decision_1934,1
Decision_1935,1
Decision_1936,1
Decision_1937,1
Decision_1938,0
Decision_1939,1
Decision_1940,1
Decision_1941,0
Decision_1942,1
Decision_1943,1
Decision_1944,1
Decision_1945,1
Decision_1946,1
Decision_1947,1
Decision_1948,1
Decision_1949,1
Decision_1950,0
Decision_1951,1
Decision_1952,1
Decision_1953,1
Decision_1954,1
Decision_1955,1
Decision_1956,0
Decision_1957,1
Decision_1958,1
Decision_1959,1
Decision_1960,1
Decision_1961,1
Decision_1962,1
Decision_1963,1
Decision_1964,0
Decision_1965,1
Decision_1966,1
Decision_1967,1
Decision_1968,1
Decision_1969,1
Decision_1970,1
Decision_1971,0
Decision_1972,1
Decision_1973,1
Decision_1974,1
Decision_1975,1
Decision_1976,0
Decision_1977,0
Decision_1978,1
Decision_1979,1
Decision_1980,1
Decision_1981,1
Decision_1982,1
Decision_1983,1
Decision_1984,1
Decision_1985,1
Decision_1986,1
Decision_1987,1
Decision_1988,0
Decision_1989,1
Decision_1990,1
Decision_1991,1
Decision_1992,1
Decision_1993,1
Decision_1994,0
Decision_1995,1
Decision_1996,0
Decision_1997,1
Decision_1998,1
Decision_1999,1
Decision_2000,1
Decision_2001,1
Decision_2002,1
Decision_2003,0
Decision_2004,1
Decision_2005,1
Decision_2006,1
Decision_2007,1
Decision_2008,1
Decision_2009,1
Decision_2010,1
Decision_2011,0
Decision_2012,1
Decision_2013,1
Decision_2014,1
Decision_2015,1
Decision_2016,1
Decision_2017,0
Decision_2018,1
Decision_2019,1
Decision_2020,0
Decision_2021,1
Decision_2022,1
Decision_2023,1
Decision_2024,1
Decision_2025,1
Decision_2026,0
Decision_2027,1
Decision_2028,0
Decision_2029,1
Decision_2030,1
Decision_2031,1
Decision_2032,0
Decision_2033,1
Decision_2034,1
Decision_2035,1
Decision_2036,1
Decision_2037,1
Decision_2038,1
Decision_2039,1
Decision_2040,1
Decision_2041,1
Decision_2042,1
Decision_2043,1
Decision_2044,1
Decision_2045,1
Decision_2046,0
Decision_2047,1
Decision_2048,1
Decision_2049,1
Decision_2050,1
Decision_2051,1
Decision_2052,0
Decision_2053,1
Decision_2054,0
Decision_2055,1
Decision_2056,1
Decision_2057,1
Decision_2058,1
Decision_2059,1
Decision_2060,1
Decision_2061,1
Decision_2062,1
Decision_2063,1
Decision_2064,1
Decision_2065,1
Decision_2066,1
Decision_2067,0
Decision_2068,1
Decision_2069,1
Decision_2070,1
Decision_2071,1
Decision_2072,0
Decision_2073,1
Decision_2074,1
Decision_2075,1
Decision_2076,1
Decision_2077,1
Decision_2078,1
Decision_2079,0
Decision_2080,1
Decision_2081,1
Decision_2082,1
Decision_2083,1
Decision_2084,1
Decision_2085,0
Decision_2086,0
Decision_2087,1
Decision_2088,1
Decision_2089,1
Decision_2090,1
Decision_2091,1
Decision_2092,1
Decision_2093,1
Decision_2094,1
Decision_2095,1
Decision_2096,1
Decision_2097,1
Decision_2098,1
Decision_2099,1
Decision_2100,1
Decision_2101,1
Decision_2102,1
Decision_2103,1
Decision_2104,0
Decision_2105,1
Decision_2106,1
Decision_2107,1
Decision_2108,1
Decision_2109,1
Decision_2110,1
Decision_2111,1
Decision_2112,1
Decision_2113,1
Decision_2114,1
Decision_2115,1
Decision_2116,1
Decision_2117,1
Decision_2118,1
Decision_2119,0
Decision_2120,1
Decision_2121,1
Decision_2122,1
Decision_2123,0
Decision_2124,1
Decision_2125,1
Decision_2126,1
Decision_2127,1
Decision_2128,1
Decision_2129,1
Decision_2130,1
Decision_2131,1
Decision_2132,0
Decision_2133,1
Decision_2134,1
Decision_2135,0
Decision_2136,1
Decision_2137,1
Decision_2138,1
Decision_2139,1
Decision_2140,1
Decision_2141,1
Decision_2142,1
Decision_2143,1
Decision_2144,1
Decision_2145,1
Decision_2146,1
Decision_2147,1
Decision_2148,1
Decision_2149,0
Decision_2150,1
Decision_2151,1
Decision_2152,1
Decision_2153,1
Decision_2154,1
Decision_2155,1
Decision_2156,1
Decision_2157,1
Decision_2158,1
Decision_2159,1
Decision_2160,1
Decision_2161,1
Decision_2162,1
Decision_2163,1
Decision_2164,1
Decision_2165,1
Decision_2166,1
Decision_2167,0
Decision_2168,1
Decision_2169,0
Decision_2170,1
Decision_2171,0
Decision_2172,1
Decision_2173,1
Decision_2174,1
Decision_2175,1
Decision_2176,1
Decision_2177,1
Decision_2178,0
Decision_2179,0
Decision_2180,1
Decision_2181,1
Decision_2182,1
Decision_2183,1
Decision_2184,1
Decision_2185,0
Decision_2186,1
Decision_2187,1
Decision_2188,1
Decision_2189,1
Decision_2190,1
Decision_2191,0
Decision_2192,1
Decision_2193,1
Decision_2194,0
Decision_2195,1
Decision_2196,1
Decision_2197,1
Decision_2198,1
Decision_2199,1
Decision_2200,1
Decision_2201,1
Decision_2202,1
Decision_2203,1
Decision_2204,1
Decision_2205,1
Decision_2206,1
Decision_2207,1
Decision_2208,1
Decision_2209,1
Decision_2210,1
Decision_2211,1
Decision_2212,1
Decision_2213,1
Decision_2214,1
Decision_2215,1
Decision_2216,1
Decision_2217,1
Decision_2218,1
Decision_2219,1
Decision_2220,1
Decision_2221,1
Decision_2222,1
Decision_2223,1
Decision_2224,1
Decision_2225,1
Decision_2226,1
Decision_2227,0
Decision_2228,1
Decision_2229,1
Decision_2230,1
Decision_2231,1
Decision_2232,1
Decision_2233,1
Decision_2234,1
Decision_2235,1
Decision_2236,1
Decision_2237,1
Decision_2238,0
Decision_2239,1
Decision_2240,1
Decision_2241,1
Decision_2242,0
Decision_2243,1
Decision_2244,1
Decision_2245,1
Decision_2246,1
Decision_2247,1
Decision_2248,1
Decision_2249,0
Decision_2250,0
Decision_2251,0
Decision_2252,1
Decision_2253,0
Decision_2254,1
Decision_2255,0
Decision_2256,0
Decision_2257,1
Decision_2258,1
Decision_2259,0
Decision_2260,0
Decision_2261,1
Decision_2262,1
Decision_2263,1
Decision_2264,1
Decision_2265,1
Decision_2266,0
Decision_2267,1
Decision_2268,1
Decision_2269,1
Decision_2270,1
Decision_2271,1
Decision_2272,0
Decision_2273,1
Decision_2274,1
Decision_2275,1
Decision_2276,1
Decision_2277,1
Decision_2278,1
Decision_2279,1
Decision_2280,1
Decision_2281,1
Decision_2282,1
Decision_2283,1
Decision_2284,1
Decision_2285,1
Decision_2286,1
Decision_2287,1
Decision_2288,0
Decision_2289,1
Decision_2290,1
Decision_2291,1
Decision_2292,0
Decision_2293,1
Decision_2294,1
Decision_2295,1
Decision_2296,1
Decision_2297,1
Decision_2298,1
Decision_2299,1
Decision_2300,0
Decision_2301,1
Decision_2302,1
Decision_2303,1
Decision_2304,1
Decision_2305,1
Decision_2306,1
Decision_2307,1
Decision_2308,1
Decision_2309,1
Decision_2310,1
Decision_2311,0
Decision_2312,1
Decision_2313,1
Decision_2314,1
Decision_2315,1
Decision_2316,1
Decision_2317,1
Decision_2318,1
Decision_2319,1
Decision_2320,1
Decision_2321,1
Decision_2322,1
Decision_2323,1
Decision_2324,1
Decision_2325,1
Decision_2326,1
Decision_2327,1
Decision_2328,1
Decision_2329,1
Decision_2330,1
Decision_2331,0
Decision_2332,1
Decision_2333,1
Decision_2334,1
Decision_2335,0
Decision_2336,1
Decision_2337,1
Decision_2338,1
Decision_2339,1
Decision_2340,0
Decision_2341,1
Decision_2342,1
Decision_2343,1
Decision_2344,1
Decision_2345,1
Decision_2346,1
Decision_2347,1
Decision_2348,1
Decision_2349,1
Decision_2350,0
Decision_2351,0
Decision_2352,1
Decision_2353,1
Decision_2354,1
Decision_2355,1
Decision_2356,1
Decision_2357,1
Decision_2358,0
Decision_2359,0
Decision_2360,1
Decision_2361,1
Decision_2362,1
Decision_2363,1
Decision_2364,1
Decision_2365,1
Decision_2366,0
Decision_2367,1
Decision_2368,1
Decision_2369,1
Decision_2370,1
Decision_2371,1
Decision_2372,0
Decision_2373,0
Decision_2374,1
Decision_2375,1
Decision_2376,1
Decision_2377,1
Decision_2378,1
Decision_2379,1
Decision_2380,0
Decision_2381,0
Decision_2382,1
Decision_2383,1
Decision_2384,1
Decision_2385,1
Decision_2386,1
Decision_2387,1
Decision_2388,1
Decision_2389,1
Decision_2390,1
Decision_2391,1
Decision_2392,1
Decision_2393,0
Decision_2394,1
Decision_2395,1
Decision_2396,0
Decision_2397,1
Decision_2398,1
Decision_2399,1
Decision_2400,1
Decision_2401,0
Decision_2402,0
Decision_2403,1
Decision_2404,0
Decision_2405,1
Decision_2406,1
Decision_2407,0
Decision_2408,1
Decision_2409,1
Decision_2410,1
Decision_2411,1
Decision_2412,1
Decision_2413,1
Decision_2414,1
Decision_2415,1
Decision_2416,0
Decision_2417,0
Decision_2418,1
Decision_2419,1
Decision_2420,1
Decision_2421,1
Decision_2422,1
Decision_2423,1
Decision_2424,1
Decision_2425,1
Decision_2426,0
Decision_2427,1
Decision_2428,0
Decision_2429,1
Decision_2430,1
Decision_2431,0
Decision_2432,0
Decision_2433,0
Decision_2434,0
Decision_2435,1
Decision_2436,0
Decision_2437,0
Decision_2438,1
Decision_2439,1
Decision_2440,0
Decision_2441,1
Decision_2442,0
Decision_2443,1
Decision_2444,1
Decision_2445,1
Decision_2446,1
Decision_2447,1
Decision_2448,0
Decision_2449,1
Decision_2450,1
Decision_2451,1
Decision_2452,1
Decision_2453,1
Decision_2454,1
Decision_2455,1
Decision_2456,0
Decision_2457,1
Decision_2458,1
Decision_2459,1
Decision_2460,1
Decision_2461,1
Decision_2462,1
Decision_2463,1
Decision_2464,1
Decision_2465,1
Decision_2466,1
Decision_2467,1
Decision_2468,1
Decision_2469,1
Decision_2470,1
Decision_2471,1
Decision_2472,0
Decision_2473,1
Decision_2474,1
Decision_2475,1
Decision_2476,1
Decision_2477,1
Decision_2478,1
Decision_2479,1
Decision_2480,1
Decision_2481,1
Decision_2482,1
Decision_2483,1
Decision_2484,1
Decision_2485,1
Decision_2486,1
Decision_2487,1
Decision_2488,1
Decision_2489,1
Decision_2490,1
Decision_2491,0
Decision_2492,1
Decision_2493,0
Decision_2494,1
Decision_2495,1
Decision_2496,0
Decision_2497,0
Decision_2498,1
Decision_2499,1
Decision_2500,1
Decision_2501,1
Decision_2502,1
Decision_2503,1
Decision_2504,1
Decision_2505,1
Decision_2506,1
Decision_2507,1
Decision_2508,0
Decision_2509,0
Decision_2510,0
Decision_2511,0
Decision_2512,0
Decision_2513,0
Decision_2514,0
Decision_2515,0
Decision_2516,1
Decision_2517,1
Decision_2518,1
Decision_2519,0
Decision_2520,1
Decision_2521,1
Decision_2522,1
Decision_2523,1
Decision_2524,0
Decision_2525,1
Decision_2526,1
Decision_2527,1
Decision_2528,1
Decision_2529,1
Decision_2530,1
Decision_2531,0
Decision_2532,0
Decision_2533,0
Decision_2534,1
Decision_2535,0
Decision_2536,1
Decision_2537,1
Decision_2538,0
Decision_2539,1
Decision_2540,1
Decision_2541,1
Decision_2542,1
Decision_2543,1
Decision_2544,1
Decision_2545,1
Decision_2546,1
Decision_2547,1
Decision_2548,1
Decision_2549,0
Decision_2550,1
Decision_2551,1
Decision_2552,1
Decision_2553,1
Decision_2554,1
Decision_2555,1
Decision_2556,0
Decision_2557,1
Decision_2558,1
Decision_2559,1
Decision_2560,1
Decision_2561,1
Decision_2562,1
Decision_2563,1
Decision_2564,0
Decision_2565,0
Decision_2566,1
Decision_2567,0
Decision_2568,1
Decision_2569,1
Decision_2570,1
Decision_2571,1
Decision_2572,1
Decision_2573,0
Decision_2574,1
Decision_2575,1
Decision_2576,1
Decision_2577,1
Decision_2578,1
Decision_2579,0
Decision_2580,1
Decision_2581,1
Decision_2582,0
Decision_2583,1
Decision_2584,0
Decision_2585,1
Decision_2586,1
Decision_2587,1
Decision_2588,0
Decision_2589,1
Decision_2590,1
Decision_2591,1
Decision_2592,1
Decision_2593,1
Decision_2594,1
Decision_2595,1
Decision_2596,1
Decision_2597,0
Decision_2598,1
Decision_2599,1
Decision_2600,1
Decision_2601,1
Decision_2602,0
Decision_2603,0
Decision_2604,1
Decision_2605,1
Decision_2606,1
Decision_2607,1
Decision_2608,1
Decision_2609,0
Decision_2610,1
Decision_2611,1
Decision_2612,1
Decision_2613,1
Decision_2614,1
Decision_2615,1
Decision_2616,1
Decision_2617,1
Decision_2618,1
Decision_2619,1
Decision_2620,1
Decision_2621,1
Decision_2622,1
Decision_2623,1
Decision_2624,1
Decision_2625,0
Decision_2626,1
Decision_2627,1
Decision_2628,1
Decision_2629,0
Decision_2630,1
Decision_2631,1
Decision_2632,1
Decision_2633,1
Decision_2634,0
Decision_2635,0
Decision_2636,1
Decision_2637,1
Decision_2638,0
Decision_2639,1
Decision_2640,1
Decision_2641,1
Decision_2642,1
Decision_2643,1
Decision_2644,0
Decision_2645,1
Decision_2646,1
Decision_2647,1
Decision_2648,1
Decision_2649,1
Decision_2650,1
Decision_2651,1
Decision_2652,1
Decision_2653,1
Decision_2654,0
Decision_2655,1
Decision_2656,1
Decision_2657,1
Decision_2658,1
Decision_2659,1
Decision_2660,1
Decision_2661,1
Decision_2662,1
Decision_2663,1
Decision_2664,1
Decision_2665,1
Decision_2666,1
Decision_2667,1
Decision_2668,1
Decision_2669,1
Decision_2670,1
Decision_2671,1
Decision_2672,1
Decision_2673,1
Decision_2674,0
Decision_2675,0
Decision_2676,1
Decision_2677,0
Decision_2678,1
Decision_2679,0
Decision_2680,1
Decision_2681,1
Decision_2682,1
Decision_2683,1
Decision_2684,1
Decision_2685,1
Decision_2686,0
Decision_2687,1
Decision_2688,1
Decision_2689,1
Decision_2690,0
Decision_2691,1
Decision_2692,0
Decision_2693,0
Decision_2694,1
Decision_2695,0
Decision_2696,1
Decision_2697,1
Decision_2698,1
Decision_2699,1
Decision_2700,1
Decision_2701,1
Decision_2702,1
Decision_2703,1
Decision_2704,0
Decision_2705,1
Decision_2706,1
Decision_2707,1
Decision_2708,1
Decision_2709,1
Decision_2710,1
Decision_2711,1
Decision_2712,1
Decision_2713,1
Decision_2714,1
Decision_2715,1
Decision_2716,1
Decision_2717,0
Decision_2718,1
Decision_2719,1
Decision_2720,1
Decision_2721,1
Decision_2722,0
Decision_2723,1
Decision_2724,1
Decision_2725,1
Decision_2726,1
Decision_2727,1
Decision_2728,0
Decision_2729,1
Decision_2730,1
Decision_2731,1
Decision_2732,1
Decision_2733,1
Decision_2734,1
Decision_2735,0
Decision_2736,1
Decision_2737,1
Decision_2738,1
Decision_2739,0
Decision_2740,1
Decision_2741,1
Decision_2742,1
Decision_2743,1
Decision_2744,1
Decision_2745,1
Decision_2746,0
Decision_2747,1
Decision_2748,1
Decision_2749,1
Decision_2750,1
Decision_2751,1
Decision_2752,1
Decision_2753,1
Decision_2754,1
Decision_2755,1
Decision_2756,1
Decision_2757,1
Decision_2758,1
Decision_2759,1
Decision_2760,1
Decision_2761,1
Decision_2762,0
Decision_2763,1
Decision_2764,0
Decision_2765,0
Decision_2766,1
Decision_2767,1
Decision_2768,1
Decision_2769,1
Decision_2770,1
Decision_2771,1
Decision_2772,1
Decision_2773,1
Decision_2774,1
Decision_2775,1
Decision_2776,1
Decision_2777,1
Decision_2778,1
Decision_2779,0
Decision_2780,1
Decision_2781,1
Decision_2782,1
Decision_2783,1
Decision_2784,1
Decision_2785,1
Decision_2786,1
Decision_2787,1
Decision_2788,0
Decision_2789,1
Decision_2790,1
Decision_2791,1
Decision_2792,1
Decision_2793,0
Decision_2794,1
Decision_2795,1
Decision_2796,1
Decision_2797,1
Decision_2798,0
Decision_2799,1
Decision_2800,1
Decision_2801,1
Decision_2802,1
Decision_2803,1
Decision_2804,0
Decision_2805,1
Decision_2806,1
Decision_2807,1
Decision_2808,1
Decision_2809,1
Decision_2810,1
Decision_2811,1
Decision_2812,0
Decision_2813,1
Decision_2814,1
Decision_2815,1
Decision_2816,1
Decision_2817,1
Decision_2818,1
Decision_2819,1
Decision_2820,1
Decision_2821,1
Decision_2822,1
Decision_2823,0
Decision_2824,1
Decision_2825,0
Decision_2826,0
Decision_2827,1
Decision_2828,1
Decision_2829,1
Decision_2830,1
Decision_2831,1
Decision_2832,0
Decision_2833,0
Decision_2834,1
Decision_2835,0
Decision_2836,1
Decision_2837,0
Decision_2838,1
Decision_2839,1
Decision_2840,1
Decision_2841,1
Decision_2842,1
Decision_2843,1
Decision_2844,1
Decision_2845,1
Decision_2846,1
Decision_2847,1
Decision_2848,1
Decision_2849,0
Decision_2850,1
Decision_2851,1
Decision_2852,1
Decision_2853,1
Decision_2854,1
Decision_2855,1
Decision_2856,0
Decision_2857,1
Decision_2858,1
Decision_2859,1
Decision_2860,0
Decision_2861,1
Decision_2862,1
Decision_2863,1
Decision_2864,1
Decision_2865,1
Decision_2866,1
Decision_2867,1
Decision_2868,1
Decision_2869,0
Decision_2870,1
Decision_2871,1
Decision_2872,0
Decision_2873,0
Decision_2874,0
Decision_2875,1
Decision_2876,1
Decision_2877,1
Decision_2878,1
Decision_2879,1
Decision_2880,1
Decision_2881,1
Decision_2882,0
Decision_2883,0
Decision_2884,1
Decision_2885,1
Decision_2886,1
Decision_2887,1
Decision_2888,0
Decision_2889,1
Decision_2890,1
Decision_2891,1
Decision_2892,1
Decision_2893,1
Decision_2894,1
Decision_2895,0
Decision_2896,1
Decision_2897,1
Decision_2898,0
Decision_2899,1
Decision_2900,1
Decision_2901,1
Decision_2902,1
Decision_2903,1
Decision_2904,1
Decision_2905,1
Decision_2906,1
Decision_2907,0
Decision_2908,0
Decision_2909,1
Decision_2910,1
Decision_2911,1
Decision_2912,1
Decision_2913,1
Decision_2914,1
Decision_2915,1
Decision_2916,1
Decision_2917,1
Decision_2918,1
Decision_2919,0
Decision_2920,1
Decision_2921,0
Decision_2922,1
Decision_2923,1
Decision_2924,1
Decision_2925,1
Decision_2926,0
Decision_2927,1
Decision_2928,1
Decision_2929,1
Decision_2930,0
Decision_2931,0
Decision_2932,1
Decision_2933,1
Decision_2934,1
Decision_2935,1
Decision_2936,1
Decision_2937,1
Decision_2938,1
Decision_2939,1
Decision_2940,1
Decision_2941,1
Decision_2942,1
Decision_2943,1
Decision_2944,1
Decision_2945,1
Decision_2946,1
Decision_2947,1
Decision_2948,0
Decision_2949,1
Decision_2950,1
Decision_2951,1
Decision_2952,1
Decision_2953,1
Decision_2954,1
Decision_2955,1
Decision_2956,1
Decision_2957,1
Decision_2958,1
Decision_2959,1
Decision_2960,1
Decision_2961,1
Decision_2962,1
Decision_2963,1
Decision_2964,1
Decision_2965,1
Decision_2966,1
Decision_2967,1
Decision_2968,1
Decision_2969,1
Decision_2970,1
Decision_2971,0
Decision_2972,1
Decision_2973,1
Decision_2974,1
Decision_2975,1
Decision_2976,1
Decision_2977,1
Decision_2978,1
Decision_2979,1
Decision_2980,1
Decision_2981,1
Decision_2982,1
Decision_2983,1
Decision_2984,0
Decision_2985,0
Decision_2986,1
Decision_2987,1
Decision_2988,1
Decision_2989,1
Decision_2990,0
Decision_2991,1
Decision_2992,1
Decision_2993,1
Decision_2994,1
Decision_2995,1
Decision_2996,1
Decision_2997,1
Decision_2998,1
Decision_2999,1
